Time [s],ECI X [km],ECI Y [km],ECI Y [km],ECI dX [km/s],ECI dY [km/s],ECI dZ [km/s],Beta0,Beta1,Beta2,Beta3,Omega1 [rad/s],Omega2 [rad/s],Omega3 [rad/s],ECI X [km],ECI Y [km],ECI Z [km],ECI dX [km/s],ECI dY [km/s],ECI dZ [km/s],Beta0,Beta1,Beta2,Beta3,Omega1 [rad/s],Omega2 [rad/s],Omega3 [rad/s]
0,42463.96754,0,0,0,3.063789133,0,1,0,0,0,0,0,7.22E-05,42463.95754,0,0,0,3.063789133,0,1,0,0,0,0,0,7.22E-05
90,42463.07227,275.7391491,0,-0.01989465,3.063724539,0,0.999994729,0,0,0.00324676,0,0,7.22E-05,42463.06227,275.7390841,0,-0.01989465,3.063724539,0,0.999994729,0,0,0.00324676,0,0,7.22E-05
180,42460.38652,551.4666714,0,-0.039788461,3.063530762,0,0.999978917,0,0,0.006493485,0,0,7.22E-05,42460.37652,551.4665415,0,-0.039788461,3.063530762,0,0.999978917,0,0,0.006493485,0,0,7.22E-05
270,42455.9104,827.1709407,0,-0.059680594,3.063207808,0,0.999952564,0,0,0.009740142,0,0,7.22E-05,42455.9004,827.1707459,0,-0.059680594,3.063207808,0,0.999952564,0,0,0.009740142,0,0,7.22E-05
360,42449.64409,1102.840332,0,-0.079570211,3.062755691,0,0.999915669,0,0,0.012986697,0,0,7.22E-05,42449.63409,1102.840072,0,-0.079570211,3.062755691,0,0.999915669,0,0,0.012986697,0,0,7.22E-05
450,42441.58786,1378.463221,0,-0.099456472,3.062174432,0,0.999868234,0,0,0.016233114,0,0,7.22E-05,42441.57786,1378.462896,0,-0.099456472,3.062174432,0,0.999868234,0,0,0.016233114,0,0,7.22E-05
540,42431.74205,1654.027986,0,-0.11933854,3.061464053,0,0.999810259,0,0,0.019479361,0,0,7.22E-05,42431.73205,1654.027596,0,-0.11933854,3.061464053,0,0.999810259,0,0,0.019479361,0,0,7.22E-05
630,42420.10707,1929.523007,0,-0.139215576,3.060624586,0,0.999741745,0,0,0.022725402,0,0,7.22E-05,42420.09708,1929.522553,0,-0.139215576,3.060624586,0,0.999741745,0,0,0.022725402,0,0,7.22E-05
720,42406.68341,2204.936669,0,-0.159086742,3.059656065,0,0.999662691,0,0,0.025971203,0,0,7.22E-05,42406.67343,2204.93615,0,-0.159086742,3.059656065,0,0.999662691,0,0,0.025971203,0,0,7.22E-05
810,42391.47165,2480.257358,0,-0.1789512,3.058558531,0,0.9995731,0,0,0.029216731,0,0,7.22E-05,42391.46167,2480.256774,0,-0.1789512,3.058558531,0,0.9995731,0,0,0.029216731,0,0,7.22E-05
900,42374.47242,2755.473465,0,-0.198808112,3.057332031,0,0.999472972,0,0,0.032461951,0,0,7.22E-05,42374.46244,2755.472817,0,-0.198808112,3.057332031,0,0.999472972,0,0,0.032461951,0,0,7.22E-05
990,42355.68643,3030.573386,0,-0.218656641,3.055976616,0,0.999362308,0,0,0.035706828,0,0,7.22E-05,42355.67646,3030.572672,0,-0.218656641,3.055976616,0,0.999362308,0,0,0.035706828,0,0,7.22E-05
1080,42335.11449,3305.54552,0,-0.23849595,3.054492343,0,0.999241109,0,0,0.038951329,0,0,7.22E-05,42335.10452,3305.544742,0,-0.23849595,3.054492343,0,0.999241109,0,0,0.038951329,0,0,7.22E-05
1170,42312.75745,3580.378273,0,-0.258325203,3.052879276,0,0.999109377,0,0,0.04219542,0,0,7.22E-05,42312.74749,3580.37743,0,-0.258325203,3.052879276,0,0.999109377,0,0,0.04219542,0,0,7.22E-05
1260,42288.61627,3855.060057,0,-0.278143563,3.051137481,0,0.998967112,0,0,0.045439065,0,0,7.22E-05,42288.60631,3855.05915,0,-0.278143563,3.051137481,0,0.998967112,0,0,0.045439065,0,0,7.22E-05
1350,42262.69195,4129.57929,0,-0.297950196,3.049267034,0,0.998814317,0,0,0.048682232,0,0,7.22E-05,42262.682,4129.578317,0,-0.297950196,3.049267034,0,0.998814317,0,0,0.048682232,0,0,7.22E-05
1440,42234.9856,4403.924395,0,-0.317744265,3.047268011,0,0.998650993,0,0,0.051924886,0,0,7.22E-05,42234.97565,4403.923358,0,-0.317744265,3.047268011,0,0.998650993,0,0,0.051924886,0,0,7.22E-05
1530,42205.49837,4678.083806,0,-0.337524936,3.045140498,0,0.998477142,0,0,0.055166992,0,0,7.22E-05,42205.48843,4678.082705,0,-0.337524936,3.045140498,0,0.998477142,0,0,0.055166992,0,0,7.22E-05
1620,42174.23152,4952.045962,0,-0.357291375,3.042884585,0,0.998292765,0,0,0.058408516,0,0,7.22E-05,42174.22159,4952.044796,0,-0.357291375,3.042884585,0,0.998292765,0,0,0.058408516,0,0,7.22E-05
1710,42141.18636,5225.799311,0,-0.377042748,3.040500366,0,0.998097865,0,0,0.061649425,0,0,7.22E-05,42141.17644,5225.798081,0,-0.377042748,3.040500366,0,0.998097865,0,0,0.061649425,0,0,7.22E-05
1800,42106.36429,5499.332311,0,-0.396778223,3.037987942,0,0.997892444,0,0,0.064889684,0,0,7.22E-05,42106.35437,5499.331016,0,-0.396778223,3.037987942,0,0.997892444,0,0,0.064889684,0,0,7.22E-05
1890,42069.76677,5772.633427,0,-0.416496968,3.035347419,0,0.997676503,0,0,0.068129259,0,0,7.22E-05,42069.75686,5772.632067,0,-0.416496968,3.035347419,0,0.997676503,0,0,0.068129259,0,0,7.22E-05
1980,42031.39534,6045.691135,0,-0.43619815,3.032578908,0,0.997450045,0,0,0.071368116,0,0,7.22E-05,42031.38544,6045.689711,0,-0.43619815,3.032578908,0,0.997450045,0,0,0.071368116,0,0,7.22E-05
2070,41991.25163,6318.493922,0,-0.45588094,3.029682526,0,0.997213072,0,0,0.07460622,0,0,7.22E-05,41991.24174,6318.492434,0,-0.45588094,3.029682526,0,0.997213072,0,0,0.07460622,0,0,7.22E-05
2160,41949.33733,6591.030286,0,-0.475544507,3.026658396,0,0.996965588,0,0,0.077843538,0,0,7.22E-05,41949.32745,6591.028734,0,-0.475544507,3.026658396,0,0.996965588,0,0,0.077843538,0,0,7.22E-05
2250,41905.6542,6863.288733,0,-0.495188023,3.023506644,0,0.996707594,0,0,0.081080036,0,0,7.22E-05,41905.64433,6863.287117,0,-0.495188023,3.023506644,0,0.996707594,0,0,0.081080036,0,0,7.22E-05
2340,41860.20409,7135.257785,0,-0.514810659,3.020227404,0,0.996439093,0,0,0.084315679,0,0,7.22E-05,41860.19423,7135.256105,0,-0.514810659,3.020227404,0,0.996439093,0,0,0.084315679,0,0,7.22E-05
2430,41812.98891,7406.925973,0,-0.534411587,3.016820813,0,0.996160088,0,0,0.087550432,0,0,7.22E-05,41812.97907,7406.924229,0,-0.534411587,3.016820813,0,0.996160088,0,0,0.087550432,0,0,7.22E-05
2520,41764.01066,7678.281843,0,-0.553989981,3.013287016,0,0.995870583,0,0,0.090784263,0,0,7.22E-05,41764.00082,7678.280035,0,-0.553989981,3.013287016,0,0.995870583,0,0,0.090784263,0,0,7.22E-05
2610,41713.27139,7949.313952,0,-0.573545015,3.009626162,0,0.995570579,0,0,0.094017137,0,0,7.22E-05,41713.26157,7949.31208,0,-0.573545015,3.009626162,0,0.995570579,0,0,0.094017137,0,0,7.22E-05
2700,41660.77326,8220.010873,0,-0.593075866,3.005838404,0,0.995260081,0,0,0.09724902,0,0,7.22E-05,41660.76345,8220.008937,0,-0.593075866,3.005838404,0,0.995260081,0,0,0.09724902,0,0,7.22E-05
2790,41606.51846,8490.36119,0,-0.612581709,3.001923903,0,0.994939091,0,0,0.100479878,0,0,7.22E-05,41606.50866,8490.359191,0,-0.612581709,3.001923903,0,0.994939091,0,0,0.100479878,0,0,7.22E-05
2880,41550.5093,8760.353505,0,-0.632061722,2.997882824,0,0.994607613,0,0,0.103709676,0,0,7.22E-05,41550.49951,8760.351442,0,-0.632061722,2.997882824,0,0.994607613,0,0,0.103709676,0,0,7.22E-05
2970,41492.74813,9029.976433,0,-0.651515084,2.993715337,0,0.99426565,0,0,0.106938381,0,0,7.22E-05,41492.73835,9029.974307,0,-0.651515084,2.993715337,0,0.99426565,0,0,0.106938381,0,0,7.22E-05
3060,41433.23738,9299.218606,0,-0.670940974,2.989421617,0,0.993913206,0,0,0.110165959,0,0,7.22E-05,41433.22762,9299.216416,0,-0.670940974,2.989421617,0,0.993913206,0,0,0.110165959,0,0,7.22E-05
3150,41371.97957,9568.06867,0,-0.690338573,2.985001846,0,0.993550285,0,0,0.113392376,0,0,7.22E-05,41371.96983,9568.066416,0,-0.690338573,2.985001846,0,0.993550285,0,0,0.113392376,0,0,7.22E-05
3240,41308.97728,9836.515289,0,-0.709707063,2.980456211,0,0.993176891,0,0,0.116617597,0,0,7.22E-05,41308.96755,9836.512972,0,-0.709707063,2.980456211,0,0.993176891,0,0,0.116617597,0,0,7.22E-05
3330,41244.23317,10104.54714,0,-0.729045628,2.975784902,0,0.992793027,0,0,0.119841589,0,0,7.22E-05,41244.22345,10104.54476,0,-0.729045628,2.975784902,0,0.992793027,0,0,0.119841589,0,0,7.22E-05
3420,41177.74996,10372.15293,0,-0.748353452,2.970988117,0,0.992398697,0,0,0.123064318,0,0,7.22E-05,41177.74026,10372.15049,0,-0.748353452,2.970988117,0,0.992398697,0,0,0.123064318,0,0,7.22E-05
3510,41109.53046,10639.32137,0,-0.767629721,2.966066058,0,0.991993906,0,0,0.126285749,0,0,7.22E-05,41109.52078,10639.31887,0,-0.767629721,2.966066058,0,0.991993906,0,0,0.126285749,0,0,7.22E-05
3600,41039.57755,10906.0412,0,-0.786873623,2.961018933,0,0.991578658,0,0,0.129505849,0,0,7.22E-05,41039.56788,10906.03863,0,-0.786873623,2.961018933,0,0.991578658,0,0,0.129505849,0,0,7.22E-05
3690,40967.89417,11172.30116,0,-0.806084345,2.955846954,0,0.991152957,0,0,0.132724584,0,0,7.22E-05,40967.88452,11172.29853,0,-0.806084345,2.955846954,0,0.991152957,0,0,0.132724584,0,0,7.22E-05
3780,40894.48335,11438.09004,0,-0.825261078,2.95055034,0,0.990716808,0,0,0.13594192,0,0,7.22E-05,40894.47372,11438.08734,0,-0.825261078,2.95055034,0,0.990716808,0,0,0.13594192,0,0,7.22E-05
3870,40819.34819,11703.39661,0,-0.844403013,2.945129314,0,0.990270216,0,0,0.139157822,0,0,7.22E-05,40819.33857,11703.39386,0,-0.844403013,2.945129314,0,0.990270216,0,0,0.139157822,0,0,7.22E-05
3960,40742.49184,11968.20971,0,-0.863509343,2.939584104,0,0.989813184,0,0,0.142372258,0,0,7.22E-05,40742.48225,11968.20689,0,-0.863509343,2.939584104,0,0.989813184,0,0,0.142372258,0,0,7.22E-05
4050,40663.91756,12232.51816,0,-0.882579262,2.933914944,0,0.989345719,0,0,0.145585193,0,0,7.22E-05,40663.90798,12232.51528,0,-0.882579262,2.933914944,0,0.989345719,0,0,0.145585193,0,0,7.22E-05
4140,40583.62865,12496.31081,0,-0.901611967,2.928122074,0,0.988867824,0,0,0.148796593,0,0,7.22E-05,40583.6191,12496.30787,0,-0.901611967,2.928122074,0,0.988867824,0,0,0.148796593,0,0,7.22E-05
4230,40501.62851,12759.57655,0,-0.920606654,2.922205737,0,0.988379505,0,0,0.152006425,0,0,7.22E-05,40501.61897,12759.57355,0,-0.920606654,2.922205737,0,0.988379505,0,0,0.152006425,0,0,7.22E-05
4320,40417.92058,13022.30427,0,-0.939562524,2.916166184,0,0.987880768,0,0,0.155214654,0,0,7.22E-05,40417.91106,13022.30121,0,-0.939562524,2.916166184,0,0.987880768,0,0,0.155214654,0,0,7.22E-05
4410,40332.5084,13284.4829,0,-0.958478775,2.910003668,0,0.987371616,0,0,0.158421248,0,0,7.22E-05,40332.4989,13284.47977,0,-0.958478775,2.910003668,0,0.987371616,0,0,0.158421248,0,0,7.22E-05
4500,40245.39557,13546.10138,0,-0.977354612,2.903718449,0,0.986852056,0,0,0.161626171,0,0,7.22E-05,40245.3861,13546.09819,0,-0.977354612,2.903718449,0,0.986852056,0,0,0.161626171,0,0,7.22E-05
4590,40156.58577,13807.14867,0,-0.996189238,2.897310793,0,0.986322094,0,0,0.16482939,0,0,7.22E-05,40156.57631,13807.14542,0,-0.996189238,2.897310793,0,0.986322094,0,0,0.16482939,0,0,7.22E-05
4680,40066.08273,14067.61378,0,-1.014981858,2.89078097,0,0.985781734,0,0,0.168030872,0,0,7.22E-05,40066.07329,14067.61046,0,-1.014981858,2.89078097,0,0.985781734,0,0,0.168030872,0,0,7.22E-05
4770,39973.89027,14327.48571,0,-1.033731681,2.884129255,0,0.985230982,0,0,0.171230582,0,0,7.22E-05,39973.88086,14327.48234,0,-1.033731681,2.884129255,0,0.985230982,0,0,0.171230582,0,0,7.22E-05
4860,39880.01229,14586.75352,0,-1.052437916,2.877355929,0,0.984669845,0,0,0.174428488,0,0,7.22E-05,39880.0029,14586.75008,0,-1.052437916,2.877355929,0,0.984669845,0,0,0.174428488,0,0,7.22E-05
4950,39784.45273,14845.40626,0,-1.071099774,2.870461277,0,0.984098327,0,0,0.177624554,0,0,7.22E-05,39784.44337,14845.40276,0,-1.071099774,2.870461277,0,0.984098327,0,0,0.177624554,0,0,7.22E-05
5040,39687.21564,15103.43304,0,-1.089716468,2.863445589,0,0.983516436,0,0,0.180818749,0,0,7.22E-05,39687.20629,15103.42948,0,-1.089716468,2.863445589,0,0.983516436,0,0,0.180818749,0,0,7.22E-05
5130,39588.3051,15360.82297,0,-1.108287213,2.856309163,0,0.982924177,0,0,0.184011037,0,0,7.22E-05,39588.29578,15360.81935,0,-1.108287213,2.856309163,0,0.982924177,0,0,0.184011037,0,0,7.22E-05
5220,39487.7253,15617.56519,0,-1.126811226,2.849052298,0,0.982321557,0,0,0.187201385,0,0,7.22E-05,39487.716,15617.56152,0,-1.126811226,2.849052298,0,0.982321557,0,0,0.187201385,0,0,7.22E-05
5310,39385.48046,15873.6489,0,-1.145287726,2.8416753,0,0.981708582,0,0,0.19038976,0,0,7.22E-05,39385.47118,15873.64516,0,-1.145287726,2.8416753,0,0.981708582,0,0,0.19038976,0,0,7.22E-05
5400,39281.57491,16129.06327,0,-1.163715934,2.834178482,0,0.981085258,0,0,0.193576128,0,0,7.22E-05,39281.56565,16129.05948,0,-1.163715934,2.834178482,0,0.981085258,0,0,0.193576128,0,0,7.22E-05
5490,39176.01301,16383.79756,0,-1.182095074,2.826562158,0,0.980451591,0,0,0.196760455,0,0,7.22E-05,39176.00379,16383.7937,0,-1.182095074,2.826562158,0,0.980451591,0,0,0.196760455,0,0,7.22E-05
5580,39068.79924,16637.84101,0,-1.200424369,2.81882665,0,0.97980759,0,0,0.199942709,0,0,7.22E-05,39068.79004,16637.83709,0,-1.200424369,2.81882665,0,0.97980759,0,0,0.199942709,0,0,7.22E-05
5670,38959.9381,16891.18291,0,-1.218703047,2.810972285,0,0.97915326,0,0,0.203122854,0,0,7.22E-05,38959.92892,16891.17893,0,-1.218703047,2.810972285,0,0.97915326,0,0,0.203122854,0,0,7.22E-05
5760,38849.43418,17143.81258,0,-1.236930337,2.802999392,0,0.978488608,0,0,0.206300858,0,0,7.22E-05,38849.42503,17143.80854,0,-1.236930337,2.802999392,0,0.978488608,0,0,0.206300858,0,0,7.22E-05
5850,38737.29215,17395.71937,0,-1.255105472,2.794908309,0,0.977813641,0,0,0.209476688,0,0,7.22E-05,38737.28302,17395.71528,0,-1.255105472,2.794908309,0,0.977813641,0,0,0.209476688,0,0,7.22E-05
5940,38623.51673,17646.89266,0,-1.273227683,2.786699377,0,0.977128367,0,0,0.212650309,0,0,7.22E-05,38623.50763,17646.8885,0,-1.273227683,2.786699377,0,0.977128367,0,0,0.212650309,0,0,7.22E-05
6030,38508.11272,17897.32185,0,-1.291296208,2.778372942,0,0.976432793,0,0,0.215821689,0,0,7.22E-05,38508.10365,17897.31764,0,-1.291296208,2.778372942,0,0.976432793,0,0,0.215821689,0,0,7.22E-05
6120,38391.08499,18146.99639,0,-1.309310284,2.769929354,0,0.975726925,0,0,0.218990793,0,0,7.22E-05,38391.07595,18146.99212,0,-1.309310284,2.769929354,0,0.975726925,0,0,0.218990793,0,0,7.22E-05
6210,38272.43847,18395.90575,0,-1.327269153,2.761368971,0,0.975010772,0,0,0.222157589,0,0,7.22E-05,38272.42946,18395.90142,0,-1.327269153,2.761368971,0,0.975010772,0,0,0.222157589,0,0,7.22E-05
6300,38152.17817,18644.03943,0,-1.345172055,2.752692152,0,0.974284341,0,0,0.225322044,0,0,7.22E-05,38152.16918,18644.03504,0,-1.345172055,2.752692152,0,0.974284341,0,0,0.225322044,0,0,7.22E-05
6390,38030.30915,18891.38697,0,-1.363018238,2.743899265,0,0.973547639,0,0,0.228484123,0,0,7.22E-05,38030.30019,18891.38252,0,-1.363018238,2.743899265,0,0.973547639,0,0,0.228484123,0,0,7.22E-05
6480,37906.83655,19137.93794,0,-1.380806947,2.734990678,0,0.972800675,0,0,0.231643793,0,0,7.22E-05,37906.82762,19137.93344,0,-1.380806947,2.734990678,0,0.972800675,0,0,0.231643793,0,0,7.22E-05
6570,37781.76558,19383.68195,0,-1.398537434,2.725966769,0,0.972043456,0,0,0.234801021,0,0,7.22E-05,37781.75669,19383.67739,0,-1.398537434,2.725966769,0,0.972043456,0,0,0.234801021,0,0,7.22E-05
6660,37655.10152,19628.60863,0,-1.41620895,2.716827918,0,0.97127599,0,0,0.237955775,0,0,7.22E-05,37655.09265,19628.60401,0,-1.41620895,2.716827918,0,0.97127599,0,0,0.237955775,0,0,7.22E-05
6750,37526.8497,19872.70766,0,-1.43382075,2.707574509,0,0.970498286,0,0,0.24110802,0,0,7.22E-05,37526.84087,19872.70298,0,-1.43382075,2.707574509,0,0.970498286,0,0,0.24110802,0,0,7.22E-05
6840,37397.01554,20115.96873,0,-1.451372092,2.698206934,0,0.969710351,0,0,0.244257723,0,0,7.22E-05,37397.00673,20115.96399,0,-1.451372092,2.698206934,0,0.969710351,0,0,0.244257723,0,0,7.22E-05
6930,37265.6045,20358.3816,0,-1.468862236,2.688725587,0,0.968912194,0,0,0.247404851,0,0,7.22E-05,37265.59573,20358.37681,0,-1.468862236,2.688725587,0,0.968912194,0,0,0.247404851,0,0,7.22E-05
7020,37132.62213,20599.93605,0,-1.486290444,2.679130868,0,0.968103823,0,0,0.250549371,0,0,7.22E-05,37132.61339,20599.9312,0,-1.486290444,2.679130868,0,0.968103823,0,0,0.250549371,0,0,7.22E-05
7110,36998.07404,20840.62189,0,-1.503655981,2.669423182,0,0.967285247,0,0,0.253691251,0,0,7.22E-05,36998.06533,20840.61698,0,-1.503655981,2.669423182,0,0.967285247,0,0,0.253691251,0,0,7.22E-05
7200,36861.96589,21080.42896,0,-1.520958116,2.659602937,0,0.966456475,0,0,0.256830455,0,0,7.22E-05,36861.95721,21080.424,0,-1.520958116,2.659602937,0,0.966456475,0,0,0.256830455,0,0,7.22E-05
7290,36724.30344,21319.34716,0,-1.538196118,2.649670549,0,0.965617514,0,0,0.259966953,0,0,7.22E-05,36724.29479,21319.34214,0,-1.538196118,2.649670549,0,0.965617514,0,0,0.259966953,0,0,7.22E-05
7380,36585.09247,21557.36642,0,-1.55536926,2.639626435,0,0.964768374,0,0,0.26310071,0,0,7.22E-05,36585.08386,21557.36134,0,-1.55536926,2.639626435,0,0.964768374,0,0,0.26310071,0,0,7.22E-05
7470,36444.33887,21794.47669,0,-1.572476819,2.629471019,0,0.963909065,0,0,0.266231694,0,0,7.22E-05,36444.33029,21794.47156,0,-1.572476819,2.629471019,0,0.963909065,0,0,0.266231694,0,0,7.22E-05
7560,36302.04857,22030.66799,0,-1.589518074,2.61920473,0,0.963039594,0,0,0.269359871,0,0,7.22E-05,36302.04002,22030.6628,0,-1.589518074,2.61920473,0,0.963039594,0,0,0.269359871,0,0,7.22E-05
7650,36158.22756,22265.93034,0,-1.606492305,2.608828001,0,0.962159972,0,0,0.272485208,0,0,7.22E-05,36158.21905,22265.9251,0,-1.606492305,2.608828001,0,0.962159972,0,0,0.272485208,0,0,7.22E-05
7740,36012.88192,22500.25384,0,-1.623398796,2.598341268,0,0.961270207,0,0,0.275607673,0,0,7.22E-05,36012.87344,22500.24854,0,-1.623398796,2.598341268,0,0.961270207,0,0,0.275607673,0,0,7.22E-05
7830,35866.01776,22733.62859,0,-1.640236836,2.587744975,0,0.960370309,0,0,0.278727233,0,0,7.22E-05,35866.00932,22733.62324,0,-1.640236836,2.587744975,0,0.960370309,0,0,0.278727233,0,0,7.22E-05
7920,35717.64129,22966.04477,0,-1.657005714,2.577039567,0,0.959460287,0,0,0.281843855,0,0,7.22E-05,35717.63288,22966.03936,0,-1.657005714,2.577039567,0,0.959460287,0,0,0.281843855,0,0,7.22E-05
8010,35567.75876,23197.49257,0,-1.673704723,2.566225497,0,0.958540151,0,0,0.284957505,0,0,7.22E-05,35567.75038,23197.4871,0,-1.673704723,2.566225497,0,0.958540151,0,0,0.284957505,0,0,7.22E-05
8100,35416.37649,23427.96222,0,-1.690333159,2.55530322,0,0.95760991,0,0,0.288068152,0,0,7.22E-05,35416.36815,23427.95671,0,-1.690333159,2.55530322,0,0.95760991,0,0,0.288068152,0,0,7.22E-05
8190,35263.50086,23657.44402,0,-1.70689032,2.544273197,0,0.956669575,0,0,0.291175762,0,0,7.22E-05,35263.49255,23657.43845,0,-1.70689032,2.544273197,0,0.956669575,0,0,0.291175762,0,0,7.22E-05
8280,35109.13832,23885.92829,0,-1.723375509,2.533135893,0,0.955719155,0,0,0.294280302,0,0,7.22E-05,35109.13005,23885.92266,0,-1.723375509,2.533135893,0,0.955719155,0,0,0.294280302,0,0,7.22E-05
8370,34953.29537,24113.40539,0,-1.73978803,2.521891778,0,0.954758661,0,0,0.297381741,0,0,7.22E-05,34953.28714,24113.39971,0,-1.73978803,2.521891778,0,0.954758661,0,0,0.297381741,0,0,7.22E-05
8460,34795.9786,24339.86572,0,-1.756127192,2.510541325,0,0.953788102,0,0,0.300480044,0,0,7.22E-05,34795.9704,24339.85999,0,-1.756127192,2.510541325,0,0.953788102,0,0,0.300480044,0,0,7.22E-05
8550,34637.19463,24565.29975,0,-1.772392305,2.499085014,0,0.952807488,0,0,0.30357518,0,0,7.22E-05,34637.18647,24565.29397,0,-1.772392305,2.499085014,0,0.952807488,0,0,0.30357518,0,0,7.22E-05
8640,34476.95015,24789.69797,0,-1.788582684,2.487523327,0,0.951816831,0,0,0.306667116,0,0,7.22E-05,34476.94203,24789.69213,0,-1.788582684,2.487523327,0,0.951816831,0,0,0.306667116,0,0,7.22E-05
8730,34315.25193,25013.05091,0,-1.804697645,2.475856752,0,0.95081614,0,0,0.309755819,0,0,7.22E-05,34315.24385,25013.04502,0,-1.804697645,2.475856752,0,0.95081614,0,0,0.309755819,0,0,7.22E-05
8820,34152.10678,25235.34916,0,-1.82073651,2.464085781,0,0.949805426,0,0,0.312841257,0,0,7.22E-05,34152.09874,25235.34322,0,-1.82073651,2.464085781,0,0.949805426,0,0,0.312841257,0,0,7.22E-05
8910,33987.52158,25456.58334,0,-1.836698603,2.45221091,0,0.9487847,0,0,0.315923397,0,0,7.22E-05,33987.51358,25456.57735,0,-1.836698603,2.45221091,0,0.9487847,0,0,0.315923397,0,0,7.22E-05
9000,33821.50328,25676.74413,0,-1.852583249,2.44023264,0,0.947753973,0,0,0.319002206,0,0,7.22E-05,33821.49531,25676.73808,0,-1.852583249,2.44023264,0,0.947753973,0,0,0.319002206,0,0,7.22E-05
9090,33654.05886,25895.82223,0,-1.868389779,2.428151475,0,0.946713254,0,0,0.322077653,0,0,7.22E-05,33654.05094,25895.81613,0,-1.868389779,2.428151475,0,0.946713254,0,0,0.322077653,0,0,7.22E-05
9180,33485.1954,26113.80842,0,-1.884117528,2.415967927,0,0.945662556,0,0,0.325149705,0,0,7.22E-05,33485.18752,26113.80227,0,-1.884117528,2.415967927,0,0.945662556,0,0,0.325149705,0,0,7.22E-05
9270,33314.92001,26330.6935,0,-1.899765831,2.403682507,0,0.944601889,0,0,0.328218329,0,0,7.22E-05,33314.91217,26330.6873,0,-1.899765831,2.403682507,0,0.944601889,0,0,0.328218329,0,0,7.22E-05
9360,33143.23988,26546.46833,0,-1.915334029,2.391295734,0,0.943531265,0,0,0.331283493,0,0,7.22E-05,33143.23207,26546.46208,0,-1.915334029,2.391295734,0,0.943531265,0,0,0.331283493,0,0,7.22E-05
9450,32970.16223,26761.12381,0,-1.930821465,2.378808131,0,0.942450694,0,0,0.334345165,0,0,7.22E-05,32970.15446,26761.11751,0,-1.930821465,2.378808131,0,0.942450694,0,0,0.334345165,0,0,7.22E-05
9540,32795.69437,26974.65089,0,-1.946227486,2.366220224,0,0.941360189,0,0,0.337403312,0,0,7.22E-05,32795.68665,26974.64454,0,-1.946227486,2.366220224,0,0.941360189,0,0,0.337403312,0,0,7.22E-05
9630,32619.84366,27187.04056,0,-1.961551444,2.353532543,0,0.94025976,0,0,0.340457903,0,0,7.22E-05,32619.83598,27187.03416,0,-1.961551444,2.353532543,0,0.94025976,0,0,0.340457903,0,0,7.22E-05
9720,32442.61751,27398.28387,0,-1.97679269,2.340745625,0,0.93914942,0,0,0.343508904,0,0,7.22E-05,32442.60987,27398.27742,0,-1.97679269,2.340745625,0,0.93914942,0,0,0.343508904,0,0,7.22E-05
9810,32264.02339,27608.37191,0,-1.991950584,2.327860007,0,0.938029179,0,0,0.346556285,0,0,7.22E-05,32264.0158,27608.36541,0,-1.991950584,2.327860007,0,0.938029179,0,0,0.346556285,0,0,7.22E-05
9900,32084.06884,27817.29583,0,-2.007024486,2.314876233,0,0.936899051,0,0,0.349600012,0,0,7.22E-05,32084.06129,27817.28927,0,-2.007024486,2.314876233,0,0.936899051,0,0,0.349600012,0,0,7.22E-05
9990,31902.76144,28025.0468,0,-2.022013759,2.301794852,0,0.935759046,0,0,0.352640054,0,0,7.22E-05,31902.75393,28025.0402,0,-2.022013759,2.301794852,0,0.935759046,0,0,0.352640054,0,0,7.22E-05
10080,31720.10884,28231.61608,0,-2.036917773,2.288616413,0,0.934609177,0,0,0.355676379,0,0,7.22E-05,31720.10137,28231.60944,0,-2.036917773,2.288616413,0,0.934609177,0,0,0.355676379,0,0,7.22E-05
10170,31536.11873,28436.99496,0,-2.051735898,2.275341474,0,0.933449456,0,0,0.358708954,0,0,7.22E-05,31536.1113,28436.98826,0,-2.051735898,2.275341474,0,0.933449456,0,0,0.358708954,0,0,7.22E-05
10260,31350.79888,28641.17477,0,-2.066467511,2.261970593,0,0.932279895,0,0,0.361737748,0,0,7.22E-05,31350.7915,28641.16802,0,-2.066467511,2.261970593,0,0.932279895,0,0,0.361737748,0,0,7.22E-05
10350,31164.15711,28844.1469,0,-2.081111989,2.248504335,0,0.931100506,0,0,0.364762729,0,0,7.22E-05,31164.14977,28844.14011,0,-2.081111989,2.248504335,0,0.931100506,0,0,0.364762729,0,0,7.22E-05
10440,30976.20127,29045.9028,0,-2.095668715,2.234943267,0,0.929911302,0,0,0.367783864,0,0,7.22E-05,30976.19397,29045.89596,0,-2.095668715,2.234943267,0,0.929911302,0,0,0.367783864,0,0,7.22E-05
10530,30786.9393,29246.43396,0,-2.110137076,2.221287962,0,0.928712295,0,0,0.370801123,0,0,7.22E-05,30786.93205,29246.42707,0,-2.110137076,2.221287962,0,0.928712295,0,0,0.370801123,0,0,7.22E-05
10620,30596.37918,29445.73192,0,-2.124516461,2.207538994,0,0.927503499,0,0,0.373814472,0,0,7.22E-05,30596.37197,29445.72498,0,-2.124516461,2.207538994,0,0.927503499,0,0,0.373814472,0,0,7.22E-05
10710,30404.52893,29643.78828,0,-2.138806264,2.193696944,0,0.926284925,0,0,0.376823881,0,0,7.22E-05,30404.52177,29643.7813,0,-2.138806264,2.193696944,0,0.926284925,0,0,0.376823881,0,0,7.22E-05
10800,30211.39666,29840.59469,0,-2.153005883,2.179762396,0,0.925056587,0,0,0.379829318,0,0,7.22E-05,30211.38955,29840.58766,0,-2.153005883,2.179762396,0,0.925056587,0,0,0.379829318,0,0,7.22E-05
10890,30016.99051,30036.14284,0,-2.167114718,2.165735936,0,0.923818497,0,0,0.382830751,0,0,7.22E-05,30016.98344,30036.13577,0,-2.167114718,2.165735936,0,0.923818497,0,0,0.382830751,0,0,7.22E-05
10980,29821.31866,30230.42451,0,-2.181132175,2.151618157,0,0.92257067,0,0,0.385828148,0,0,7.22E-05,29821.31164,30230.41739,0,-2.181132175,2.151618157,0,0.92257067,0,0,0.385828148,0,0,7.22E-05
11070,29624.38938,30423.43148,0,-2.195057663,2.137409654,0,0.921313116,0,0,0.388821478,0,0,7.22E-05,29624.38241,30423.42432,0,-2.195057663,2.137409654,0,0.921313116,0,0,0.388821478,0,0,7.22E-05
11160,29426.21097,30615.15563,0,-2.208890595,2.123111025,0,0.920045851,0,0,0.391810709,0,0,7.22E-05,29426.20404,30615.14842,0,-2.208890595,2.123111025,0,0.920045851,0,0,0.391810709,0,0,7.22E-05
11250,29226.79178,30805.58887,0,-2.222630387,2.108722874,0,0.918768887,0,0,0.39479581,0,0,7.22E-05,29226.78489,30805.58162,0,-2.222630387,2.108722874,0,0.918768887,0,0,0.39479581,0,0,7.22E-05
11340,29026.14021,30994.72317,0,-2.23627646,2.094245808,0,0.917482238,0,0,0.397776749,0,0,7.22E-05,29026.13338,30994.71587,0,-2.23627646,2.094245808,0,0.917482238,0,0,0.397776749,0,0,7.22E-05
11430,28824.26475,31182.55055,0,-2.249828239,2.079680436,0,0.916185918,0,0,0.400753495,0,0,7.22E-05,28824.25796,31182.54321,0,-2.249828239,2.079680436,0,0.916185918,0,0,0.400753495,0,0,7.22E-05
11520,28621.17388,31369.06311,0,-2.263285152,2.065027373,0,0.91487994,0,0,0.403726016,0,0,7.22E-05,28621.16714,31369.05572,0,-2.263285152,2.065027373,0,0.91487994,0,0,0.403726016,0,0,7.22E-05
11610,28416.87619,31554.25296,0,-2.276646631,2.050287237,0,0.913564317,0,0,0.406694282,0,0,7.22E-05,28416.86949,31554.24553,0,-2.276646631,2.050287237,0,0.913564317,0,0,0.406694282,0,0,7.22E-05
11700,28211.38027,31738.1123,0,-2.289912114,2.03546065,0,0.912239064,0,0,0.40965826,0,0,7.22E-05,28211.37363,31738.10483,0,-2.289912114,2.03546065,0,0.912239064,0,0,0.40965826,0,0,7.22E-05
11790,28004.69481,31920.63339,0,-2.303081042,2.020548236,0,0.910904195,0,0,0.41261792,0,0,7.22E-05,28004.68821,31920.62587,0,-2.303081042,2.020548236,0,0.910904195,0,0,0.41261792,0,0,7.22E-05
11880,27796.8285,32101.80851,0,-2.316152857,2.005550624,0,0.909559723,0,0,0.41557323,0,0,7.22E-05,27796.82195,32101.80095,0,-2.316152857,2.005550624,0,0.909559723,0,0,0.41557323,0,0,7.22E-05
11970,27587.79012,32281.63005,0,-2.329127011,1.990468448,0,0.908205664,0,0,0.41852416,0,0,7.22E-05,27587.78363,32281.62244,0,-2.329127011,1.990468448,0,0.908205664,0,0,0.41852416,0,0,7.22E-05
12060,27377.58849,32460.0904,0,-2.342002955,1.975302342,0,0.90684203,0,0,0.421470677,0,0,7.22E-05,27377.58204,32460.08276,0,-2.342002955,1.975302342,0,0.90684203,0,0,0.421470677,0,0,7.22E-05
12150,27166.23245,32637.18205,0,-2.354780146,1.960052946,0,0.905468838,0,0,0.424412752,0,0,7.22E-05,27166.22606,32637.17437,0,-2.354780146,1.960052946,0,0.905468838,0,0,0.424412752,0,0,7.22E-05
12240,26953.73094,32812.89753,0,-2.367458047,1.944720903,0,0.9040861,0,0,0.427350353,0,0,7.22E-05,26953.72459,32812.88981,0,-2.367458047,1.944720903,0,0.9040861,0,0,0.427350353,0,0,7.22E-05
12330,26740.0929,32987.22944,0,-2.380036121,1.92930686,0,0.902693832,0,0,0.430283449,0,0,7.22E-05,26740.0866,32987.22167,0,-2.380036121,1.92930686,0,0.902693832,0,0,0.430283449,0,0,7.22E-05
12420,26525.32735,33160.17041,0,-2.39251384,1.913811467,0,0.901292048,0,0,0.433212008,0,0,7.22E-05,26525.3211,33160.1626,0,-2.39251384,1.913811467,0,0.901292048,0,0,0.433212008,0,0,7.22E-05
12510,26309.44333,33331.71316,0,-2.404890676,1.898235377,0,0.899880763,0,0,0.436136002,0,0,7.22E-05,26309.43714,33331.70531,0,-2.404890676,1.898235377,0,0.899880763,0,0,0.436136002,0,0,7.22E-05
12600,26092.44997,33501.85046,0,-2.417166108,1.882579246,0,0.898459992,0,0,0.439055397,0,0,7.22E-05,26092.44382,33501.84257,0,-2.417166108,1.882579246,0,0.898459992,0,0,0.439055397,0,0,7.22E-05
12690,25874.35639,33670.57512,0,-2.429339619,1.866843736,0,0.897029751,0,0,0.441970165,0,0,7.22E-05,25874.3503,33670.5672,0,-2.429339619,1.866843736,0,0.897029751,0,0,0.441970165,0,0,7.22E-05
12780,25655.1718,33837.88005,0,-2.441410694,1.851029509,0,0.895590053,0,0,0.444880273,0,0,7.22E-05,25655.16576,33837.87208,0,-2.441410694,1.851029509,0,0.895590053,0,0,0.444880273,0,0,7.22E-05
12870,25434.90545,34003.75817,0,-2.453378826,1.835137232,0,0.894140914,0,0,0.447785692,0,0,7.22E-05,25434.89946,34003.75017,0,-2.453378826,1.835137232,0,0.894140914,0,0,0.447785692,0,0,7.22E-05
12960,25213.56661,34168.20251,0,-2.465243509,1.819167575,0,0.89268235,0,0,0.45068639,0,0,7.22E-05,25213.56068,34168.19446,0,-2.465243509,1.819167575,0,0.89268235,0,0,0.45068639,0,0,7.22E-05
13050,24991.16463,34331.20611,0,-2.477004243,1.803121213,0,0.891214376,0,0,0.453582337,0,0,7.22E-05,24991.15875,34331.19803,0,-2.477004243,1.803121213,0,0.891214376,0,0,0.453582337,0,0,7.22E-05
13140,24767.70888,34492.76212,0,-2.488660532,1.786998821,0,0.889737007,0,0,0.456473503,0,0,7.22E-05,24767.70305,34492.754,0,-2.488660532,1.786998821,0,0.889737007,0,0,0.456473503,0,0,7.22E-05
13230,24543.20878,34652.86372,0,-2.500211885,1.770801079,0,0.888250259,0,0,0.459359857,0,0,7.22E-05,24543.203,34652.85556,0,-2.500211885,1.770801079,0,0.888250259,0,0,0.459359857,0,0,7.22E-05
13320,24317.6738,34811.50415,0,-2.511657814,1.75452867,0,0.886754147,0,0,0.462241368,0,0,7.22E-05,24317.66807,34811.49595,0,-2.511657814,1.75452867,0,0.886754147,0,0,0.462241368,0,0,7.22E-05
13410,24091.11344,34968.67673,0,-2.522997838,1.73818228,0,0.885248688,0,0,0.465118007,0,0,7.22E-05,24091.10777,34968.6685,0,-2.522997838,1.73818228,0,0.885248688,0,0,0.465118007,0,0,7.22E-05
13500,23863.53727,35124.37483,0,-2.534231477,1.721762599,0,0.883733897,0,0,0.467989743,0,0,7.22E-05,23863.53165,35124.36656,0,-2.534231477,1.721762599,0,0.883733897,0,0,0.467989743,0,0,7.22E-05
13590,23634.95488,35278.59189,0,-2.545358258,1.705270319,0,0.88220979,0,0,0.470856546,0,0,7.22E-05,23634.94931,35278.58359,0,-2.545358258,1.705270319,0,0.88220979,0,0,0.470856546,0,0,7.22E-05
13680,23405.3759,35431.32141,0,-2.556377713,1.688706136,0,0.880676383,0,0,0.473718385,0,0,7.22E-05,23405.37038,35431.31306,0,-2.556377713,1.688706136,0,0.880676383,0,0,0.473718385,0,0,7.22E-05
13770,23174.81001,35582.55693,0,-2.567289376,1.672070747,0,0.879133693,0,0,0.47657523,0,0,7.22E-05,23174.80456,35582.54855,0,-2.567289376,1.672070747,0,0.879133693,0,0,0.47657523,0,0,7.22E-05
13860,22943.26695,35732.2921,0,-2.578092787,1.655364854,0,0.877581736,0,0,0.479427051,0,0,7.22E-05,22943.26154,35732.28368,0,-2.578092787,1.655364854,0,0.877581736,0,0,0.479427051,0,0,7.22E-05
13950,22710.75646,35880.52058,0,-2.588787491,1.638589163,0,0.876020527,0,0,0.482273819,0,0,7.22E-05,22710.75111,35880.51213,0,-2.588787491,1.638589163,0,0.876020527,0,0,0.482273819,0,0,7.22E-05
14040,22477.28836,36027.23614,0,-2.599373037,1.621744379,0,0.874450084,0,0,0.485115502,0,0,7.22E-05,22477.28307,36027.22766,0,-2.599373037,1.621744379,0,0.874450084,0,0,0.485115502,0,0,7.22E-05
14130,22242.87249,36172.43259,0,-2.609848978,1.604831213,0,0.872870423,0,0,0.487952072,0,0,7.22E-05,22242.86726,36172.42407,0,-2.609848978,1.604831213,0,0.872870423,0,0,0.487952072,0,0,7.22E-05
14220,22007.51874,36316.1038,0,-2.620214873,1.587850379,0,0.871281561,0,0,0.490783498,0,0,7.22E-05,22007.51356,36316.09525,0,-2.620214873,1.587850379,0,0.871281561,0,0,0.490783498,0,0,7.22E-05
14310,21771.23702,36458.24372,0,-2.630470285,1.570802592,0,0.869683514,0,0,0.49360975,0,0,7.22E-05,21771.23189,36458.23513,0,-2.630470285,1.570802592,0,0.869683514,0,0,0.49360975,0,0,7.22E-05
14400,21534.0373,36598.84635,0,-2.64061478,1.553688572,0,0.868076299,0,0,0.496430799,0,0,7.22E-05,21534.03223,36598.83773,0,-2.64061478,1.553688572,0,0.868076299,0,0,0.496430799,0,0,7.22E-05
14490,21295.92959,36737.90576,0,-2.650647933,1.53650904,0,0.866459934,0,0,0.499246615,0,0,7.22E-05,21295.92457,36737.89711,0,-2.650647933,1.53650904,0,0.866459934,0,0,0.499246615,0,0,7.22E-05
14580,21056.92392,36875.41609,0,-2.660569318,1.51926472,0,0.864834435,0,0,0.502057168,0,0,7.22E-05,21056.91896,36875.40741,0,-2.660569318,1.51926472,0,0.864834435,0,0,0.502057168,0,0,7.22E-05
14670,20817.03036,37011.37155,0,-2.670378519,1.501956339,0,0.863199819,0,0,0.504862429,0,0,7.22E-05,20817.02546,37011.36284,0,-2.670378519,1.501956339,0,0.863199819,0,0,0.504862429,0,0,7.22E-05
14760,20576.25905,37145.7664,0,-2.680075122,1.484584628,0,0.861556104,0,0,0.507662367,0,0,7.22E-05,20576.2542,37145.75765,0,-2.680075122,1.484584628,0,0.861556104,0,0,0.507662367,0,0,7.22E-05
14850,20334.62012,37278.59497,0,-2.689658717,1.467150318,0,0.859903307,0,0,0.510456955,0,0,7.22E-05,20334.61533,37278.58619,0,-2.689658717,1.467150318,0,0.859903307,0,0,0.510456955,0,0,7.22E-05
14940,20092.12377,37409.85166,0,-2.6991289,1.449654145,0,0.858241445,0,0,0.513246161,0,0,7.22E-05,20092.11904,37409.84285,0,-2.6991289,1.449654145,0,0.858241445,0,0,0.513246161,0,0,7.22E-05
15030,19848.78022,37539.53094,0,-2.708485273,1.432096847,0,0.856570537,0,0,0.516029956,0,0,7.22E-05,19848.77554,37539.5221,0,-2.708485273,1.432096847,0,0.856570537,0,0,0.516029956,0,0,7.22E-05
15120,19604.59973,37667.62734,0,-2.71772744,1.414479164,0,0.854890598,0,0,0.518808312,0,0,7.22E-05,19604.59511,37667.61847,0,-2.71772744,1.414479164,0,0.854890598,0,0,0.518808312,0,0,7.22E-05
15210,19359.5926,37794.13546,0,-2.726855012,1.396801839,0,0.853201648,0,0,0.521581199,0,0,7.22E-05,19359.58804,37794.12656,0,-2.726855012,1.396801839,0,0.853201648,0,0,0.521581199,0,0,7.22E-05
15300,19113.76916,37919.04997,0,-2.735867605,1.379065617,0,0.851503704,0,0,0.524348588,0,0,7.22E-05,19113.76466,37919.04104,0,-2.735867605,1.379065617,0,0.851503704,0,0,0.524348588,0,0,7.22E-05
15390,18867.13978,38042.36559,0,-2.744764838,1.361271246,0,0.849796784,0,0,0.527110449,0,0,7.22E-05,18867.13533,38042.35663,0,-2.744764838,1.361271246,0,0.849796784,0,0,0.527110449,0,0,7.22E-05
15480,18619.71485,38164.07713,0,-2.753546335,1.343419476,0,0.848080906,0,0,0.529866754,0,0,7.22E-05,18619.71046,38164.06814,0,-2.753546335,1.343419476,0,0.848080906,0,0,0.529866754,0,0,7.22E-05
15570,18371.5048,38284.17945,0,-2.762211727,1.325511061,0,0.846356088,0,0,0.532617473,0,0,7.22E-05,18371.50048,38284.17044,0,-2.762211727,1.325511061,0,0.846356088,0,0,0.532617473,0,0,7.22E-05
15660,18122.52011,38402.6675,0,-2.770760649,1.307546754,0,0.844622348,0,0,0.535362577,0,0,7.22E-05,18122.51584,38402.65845,0,-2.770760649,1.307546754,0,0.844622348,0,0,0.535362577,0,0,7.22E-05
15750,17872.77127,38519.53627,0,-2.779192739,1.289527315,0,0.842879705,0,0,0.538102038,0,0,7.22E-05,17872.76706,38519.5272,0,-2.779192739,1.289527315,0,0.842879705,0,0,0.538102038,0,0,7.22E-05
15840,17622.26882,38634.78084,0,-2.787507643,1.271453502,0,0.841128176,0,0,0.540835827,0,0,7.22E-05,17622.26467,38634.77174,0,-2.787507643,1.271453502,0,0.841128176,0,0,0.540835827,0,0,7.22E-05
15930,17371.0233,38748.39635,0,-2.79570501,1.253326077,0,0.839367781,0,0,0.543563914,0,0,7.22E-05,17371.01921,38748.38722,0,-2.79570501,1.253326077,0,0.839367781,0,0,0.543563914,0,0,7.22E-05
16020,17119.04533,38860.378,0,-2.803784493,1.235145806,0,0.837598537,0,0,0.546286271,0,0,7.22E-05,17119.0413,38860.36885,0,-2.803784493,1.235145806,0,0.837598537,0,0,0.546286271,0,0,7.22E-05
16110,16866.34552,38970.72108,0,-2.811745753,1.216913454,0,0.835820464,0,0,0.54900287,0,0,7.22E-05,16866.34155,38970.7119,0,-2.811745753,1.216913454,0,0.835820464,0,0,0.54900287,0,0,7.22E-05
16200,16612.93453,39079.42093,0,-2.819588453,1.19862979,0,0.834033581,0,0,0.551713681,0,0,7.22E-05,16612.93062,39079.41173,0,-2.819588453,1.19862979,0,0.834033581,0,0,0.551713681,0,0,7.22E-05
16290,16358.82305,39186.47298,0,-2.827312264,1.180295586,0,0.832237905,0,0,0.554418677,0,0,7.22E-05,16358.8192,39186.46375,0,-2.827312264,1.180295586,0,0.832237905,0,0,0.554418677,0,0,7.22E-05
16380,16104.02178,39291.8727,0,-2.834916859,1.161911614,0,0.830433457,0,0,0.557117828,0,0,7.22E-05,16104.01799,39291.86344,0,-2.834916859,1.161911614,0,0.830433457,0,0,0.557117828,0,0,7.22E-05
16470,15848.54148,39395.61565,0,-2.842401918,1.14347865,0,0.828620254,0,0,0.559811106,0,0,7.22E-05,15848.53775,39395.60637,0,-2.842401918,1.14347865,0,0.828620254,0,0,0.559811106,0,0,7.22E-05
16560,15592.39291,39497.69746,0,-2.849767124,1.12499747,0,0.826798317,0,0,0.562498483,0,0,7.22E-05,15592.38924,39497.68815,0,-2.849767124,1.12499747,0,0.826798317,0,0,0.562498483,0,0,7.22E-05
16650,15335.58688,39598.11382,0,-2.857012168,1.106468855,0,0.824967664,0,0,0.56517993,0,0,7.22E-05,15335.58327,39598.10449,0,-2.857012168,1.106468855,0,0.824967664,0,0,0.56517993,0,0,7.22E-05
16740,15078.13422,39696.8605,0,-2.864136744,1.087893585,0,0.823128315,0,0,0.56785542,0,0,7.22E-05,15078.13067,39696.85115,0,-2.864136744,1.087893585,0,0.823128315,0,0,0.56785542,0,0,7.22E-05
16830,14820.04577,39793.93333,0,-2.871140552,1.069272443,0,0.821280289,0,0,0.570524923,0,0,7.22E-05,14820.04228,39793.92396,0,-2.871140552,1.069272443,0,0.821280289,0,0,0.570524923,0,0,7.22E-05
16920,14561.33243,39889.32823,0,-2.878023296,1.050606215,0,0.819423605,0,0,0.573188412,0,0,7.22E-05,14561.329,39889.31884,0,-2.878023296,1.050606215,0,0.819423605,0,0,0.573188412,0,0,7.22E-05
17010,14302.0051,39983.04117,0,-2.884784687,1.031895688,0,0.817558283,0,0,0.575845859,0,0,7.22E-05,14302.00173,39983.03175,0,-2.884784687,1.031895688,0,0.817558283,0,0,0.575845859,0,0,7.22E-05
17100,14042.07471,40075.06819,0,-2.891424438,1.013141651,0,0.815684343,0,0,0.578497236,0,0,7.22E-05,14042.0714,40075.05875,0,-2.891424438,1.013141651,0,0.815684343,0,0,0.578497236,0,0,7.22E-05
17190,13781.55223,40165.40542,0,-2.89794227,0.994344894,0,0.813801805,0,0,0.581142514,0,0,7.22E-05,13781.54899,40165.39597,0,-2.89794227,0.994344894,0,0.813801805,0,0,0.581142514,0,0,7.22E-05
17280,13520.44864,40254.04906,0,-2.904337909,0.975506211,0,0.811910688,0,0,0.583781667,0,0,7.22E-05,13520.44546,40254.03958,0,-2.904337909,0.975506211,0,0.811910688,0,0,0.583781667,0,0,7.22E-05
17370,13258.77496,40340.99535,0,-2.910611083,0.956626395,0,0.810011013,0,0,0.586414665,0,0,7.22E-05,13258.77184,40340.98585,0,-2.910611083,0.956626395,0,0.810011013,0,0,0.586414665,0,0,7.22E-05
17460,12996.54221,40426.24064,0,-2.91676153,0.937706242,0,0.808102798,0,0,0.589041482,0,0,7.22E-05,12996.53915,40426.23112,0,-2.91676153,0.937706242,0,0.808102798,0,0,0.589041482,0,0,7.22E-05
17550,12733.76145,40509.78133,0,-2.92278899,0.918746551,0,0.806186066,0,0,0.591662089,0,0,7.22E-05,12733.75845,40509.77179,0,-2.92278899,0.918746551,0,0.806186066,0,0,0.591662089,0,0,7.22E-05
17640,12470.44376,40591.61389,0,-2.928693208,0.899748121,0,0.804260835,0,0,0.594276459,0,0,7.22E-05,12470.44083,40591.60433,0,-2.928693208,0.899748121,0,0.804260835,0,0,0.594276459,0,0,7.22E-05
17730,12206.60025,40671.73489,0,-2.934473936,0.880711752,0,0.802327125,0,0,0.596884565,0,0,7.22E-05,12206.59738,40671.72531,0,-2.934473936,0.880711752,0,0.802327125,0,0,0.596884565,0,0,7.22E-05
17820,11942.24204,40750.14093,0,-2.94013093,0.861638248,0,0.800384958,0,0,0.599486379,0,0,7.22E-05,11942.23923,40750.13134,0,-2.94013093,0.861638248,0,0.800384958,0,0,0.599486379,0,0,7.22E-05
17910,11677.38028,40826.82872,0,-2.945663951,0.842528413,0,0.798434354,0,0,0.602081873,0,0,7.22E-05,11677.37753,40826.81911,0,-2.945663951,0.842528413,0,0.798434354,0,0,0.602081873,0,0,7.22E-05
18000,11412.02613,40901.79502,0,-2.951072766,0.823383053,0,0.796475334,0,0,0.60467102,0,0,7.22E-05,11412.02345,40901.78538,0,-2.951072766,0.823383053,0,0.796475334,0,0,0.60467102,0,0,7.22E-05
